"site.id","constituent","Month","RL5.n","RL5.Flux_Rate","RL5.SE","RL5.CI_lower","RL5.CI_upper","RL7.n","RL7.Flux_Rate","RL7.SE","RL7.CI_lower","RL7.CI_upper","CMP.n","CMP.Flux_Rate","CMP.SE","CMP.CI_lower","CMP.CI_upper","INT.n","INT.Flux_Rate","INT.SE","INT.CI_lower","INT.CI_upper","BRE.n","BRE.Flux_Rate","BRE.SE","BRE.CI_lower","BRE.CI_upper","loadflex.version","run.date"
"RONC02800","PT","2001-01",31,36348.4800293749,1876710.69589548,2.86224163632286,173093.668038947,NA,NA,NA,NA,NA,31,18102.811459127,NA,NA,NA,31,14998.5961045383,NA,NA,NA,NA,NA,NA,NA,NA,"1.2.0","2017-12-12 14:31:59"
"RONC02800","PT","2001-02",28,35881.6600285768,1684896.61651261,3.32052803559843,175767.883351282,NA,NA,NA,NA,NA,28,17939.8861677466,NA,NA,NA,28,16543.3346574216,NA,NA,NA,NA,NA,NA,NA,NA,"1.2.0","2017-12-12 14:31:59"
"RONC02800","PT","2001-03",31,19929.2211723878,1708700.78049143,0.670608939178191,80556.5501041544,NA,NA,NA,NA,NA,31,8863.10691437286,NA,NA,NA,31,11040.7965991566,NA,NA,NA,NA,NA,NA,NA,NA,"1.2.0","2017-12-12 14:31:59"
"RONC02800","PT","2001-04",30,15459.2060834559,1409590.26669809,0.469832841557575,61174.0675352923,NA,NA,NA,NA,NA,30,6895.75182720227,NA,NA,NA,30,9516.49365942092,NA,NA,NA,NA,NA,NA,NA,NA,"1.2.0","2017-12-12 14:31:59"
"RONC02800","PT","2001-05",31,11360.378106468,1156624.42710461,0.287876568325246,43245.2301254861,NA,NA,NA,NA,NA,31,4999.73177263435,NA,NA,NA,31,7437.13714215805,NA,NA,NA,NA,NA,NA,NA,NA,"1.2.0","2017-12-12 14:31:59"
"RONC02800","PT","2001-06",30,9332.86406063918,946792.002286182,0.237899669595909,35572.514315747,NA,NA,NA,NA,NA,30,4101.22794678663,NA,NA,NA,30,5905.25151512265,NA,NA,NA,NA,NA,NA,NA,NA,"1.2.0","2017-12-12 14:31:59"
"RONC02800","PT","2001-07",31,8124.35335047642,878294.813174421,0.186558943284341,30270.6221578875,NA,NA,NA,NA,NA,31,3573.77123359731,NA,NA,NA,31,4666.45769996225,NA,NA,NA,NA,NA,NA,NA,NA,"1.2.0","2017-12-12 14:31:59"
"RONC02800","PT","2001-08",31,8288.12035713461,888609.098658487,0.192923058950831,30972.8212447162,NA,NA,NA,NA,NA,31,3712.78073018349,NA,NA,NA,31,4046.39999542374,NA,NA,NA,NA,NA,NA,NA,NA,"1.2.0","2017-12-12 14:31:59"
"RONC02800","PT","2001-09",30,14043.2230726692,839835.02853282,0.862540454904709,63911.398579426,NA,NA,NA,NA,NA,30,7219.10901022842,NA,NA,NA,30,5509.90510007957,NA,NA,NA,NA,NA,NA,NA,NA,"1.2.0","2017-12-12 14:31:59"
"RONC02800","PT","2001-10",31,20670.6967419504,881245.311951434,2.25652591497605,104123.22628769,NA,NA,NA,NA,NA,31,11108.0702067413,NA,NA,NA,31,7013.98193461222,NA,NA,NA,NA,NA,NA,NA,NA,"1.2.0","2017-12-12 14:31:59"
"RONC02800","PT","2001-11",30,25815.3402304185,1040322.77168376,3.10419547673103,132117.02852117,NA,NA,NA,NA,NA,30,14031.1423385755,NA,NA,NA,30,8313.38586356207,NA,NA,NA,NA,NA,NA,NA,NA,"1.2.0","2017-12-12 14:31:59"
"RONC02800","PT","2001-12",31,43111.525147927,1001180.27268147,13.5852289596418,253208.036291668,NA,NA,NA,NA,NA,31,25112.7905176021,NA,NA,NA,31,14423.3372095636,NA,NA,NA,NA,NA,NA,NA,NA,"1.2.0","2017-12-12 14:31:59"
"RONC02800","PT","2002-01",31,68074.2600185706,875444.392545491,62.7216238367329,444057.500420739,NA,NA,NA,NA,NA,31,41969.965525731,NA,NA,NA,31,25749.3271718919,NA,NA,NA,NA,NA,NA,NA,NA,"1.2.0","2017-12-12 14:31:59"
"RONC02800","PT","2002-02",28,66875.6552332155,792249.505333825,71.7905609969738,440755.084104698,NA,NA,NA,NA,NA,28,41264.2461832004,NA,NA,NA,28,28553.9019450239,NA,NA,NA,NA,NA,NA,NA,NA,"1.2.0","2017-12-12 14:31:59"
"RONC02800","PT","2002-03",31,42335.749394257,732512.996839391,22.6320961108285,263648.501803909,NA,NA,NA,NA,NA,31,24824.8924669266,NA,NA,NA,31,19442.7522222476,NA,NA,NA,NA,NA,NA,NA,NA,"1.2.0","2017-12-12 14:31:59"
"RONC02800","PT","2002-04",30,24307.368581815,660390.326716445,5.80310944813761,137753.180484825,NA,NA,NA,NA,NA,30,13397.393189515,NA,NA,NA,30,12192.4419174695,NA,NA,NA,NA,NA,NA,NA,NA,"1.2.0","2017-12-12 14:31:59"
"RONC02800","PT","2002-05",31,18898.2880306372,528681.461252293,4.28543805557896,106353.525430431,NA,NA,NA,NA,NA,31,10476.0405397966,NA,NA,NA,31,9921.44413936806,NA,NA,NA,NA,NA,NA,NA,NA,"1.2.0","2017-12-12 14:31:59"
"RONC02800","PT","2002-06",30,14508.4155878853,453804.58936854,2.70588035322317,79430.9794542542,NA,NA,NA,NA,NA,30,8000.20568316483,NA,NA,NA,30,7378.56166984716,NA,NA,NA,NA,NA,NA,NA,NA,"1.2.0","2017-12-12 14:31:59"
"RONC02800","PT","2002-07",31,13246.6395885492,412466.82012887,2.49014664795675,72605.9501433055,NA,NA,NA,NA,NA,31,7425.23156130807,NA,NA,NA,31,6049.16029365346,NA,NA,NA,NA,NA,NA,NA,NA,"1.2.0","2017-12-12 14:31:59"
"RONC02800","PT","2002-08",31,15412.3953017923,398003.289540636,4.0240330390414,88388.3301411768,NA,NA,NA,NA,NA,31,9041.28442765215,NA,NA,NA,31,6097.31094671265,NA,NA,NA,NA,NA,NA,NA,NA,"1.2.0","2017-12-12 14:31:59"
"RONC02800","PT","2002-09",30,19880.0797785078,415185.095763704,7.57081940226193,119412.97421045,NA,NA,NA,NA,NA,30,12068.3980885395,NA,NA,NA,30,6634.77486553273,NA,NA,NA,NA,NA,NA,NA,NA,"1.2.0","2017-12-12 14:31:59"
"RONC02800","PT","2002-10",31,12984.352990306,622333.843782724,1.16032367235718,63221.7122179415,NA,NA,NA,NA,NA,31,6908.31361619067,NA,NA,NA,31,3981.27334154678,NA,NA,NA,NA,NA,NA,NA,NA,"1.2.0","2017-12-12 14:31:59"
"RONC02800","PT","2002-11",30,24838.8183099756,610369.52397077,7.08020592669889,144069.990884603,NA,NA,NA,NA,NA,30,14673.7165913799,NA,NA,NA,30,7015.76347294121,NA,NA,NA,NA,NA,NA,NA,NA,"1.2.0","2017-12-12 14:31:59"
"RONC02800","PT","2002-12",31,43241.0410002183,578582.109666867,37.0188296022571,280551.680284029,NA,NA,NA,NA,NA,31,27275.3744402316,NA,NA,NA,31,12970.5343812489,NA,NA,NA,NA,NA,NA,NA,NA,"1.2.0","2017-12-12 14:31:59"
"RONC02800","PT","2003-01",31,59373.9360431444,543991.019487901,103.514019441867,400919.984788539,NA,NA,NA,NA,NA,31,38706.5439156336,NA,NA,NA,31,21202.3109305839,NA,NA,NA,NA,NA,NA,NA,NA,"1.2.0","2017-12-12 14:31:59"
"RONC02800","PT","2003-02",28,63977.3355467016,477802.311919848,165.275740499739,436195.829189454,NA,NA,NA,NA,NA,28,42176.5383424581,NA,NA,NA,28,25711.3842039889,NA,NA,NA,NA,NA,NA,NA,NA,"1.2.0","2017-12-12 14:31:59"
"RONC02800","PT","2003-03",31,36816.7533344717,451862.406042623,36.99874533381,241606.6814941,NA,NA,NA,NA,NA,31,22794.3577533396,NA,NA,NA,31,15174.1522049238,NA,NA,NA,NA,NA,NA,NA,NA,"1.2.0","2017-12-12 14:31:59"
"RONC02800","PT","2003-04",30,25135.4830767216,381261.313117741,17.082299767093,160056.606083021,NA,NA,NA,NA,NA,30,15182.4965258838,NA,NA,NA,30,11295.3711525108,NA,NA,NA,NA,NA,NA,NA,NA,"1.2.0","2017-12-12 14:31:59"
"RONC02800","PT","2003-05",31,19884.5579907368,304570.621950826,13.2744267817916,126422.612237014,NA,NA,NA,NA,NA,31,12137.8842066525,NA,NA,NA,31,9352.78817695817,NA,NA,NA,NA,NA,NA,NA,NA,"1.2.0","2017-12-12 14:31:59"
"RONC02800","PT","2003-06",30,15269.3806566044,260998.111099937,8.34537627529602,95297.4143064781,NA,NA,NA,NA,NA,30,9302.23717422913,NA,NA,NA,30,6905.18731047331,NA,NA,NA,NA,NA,NA,NA,NA,"1.2.0","2017-12-12 14:31:59"
"RONC02800","PT","2003-07",31,13693.1622851122,238825.628649611,7.21486685639882,85152.9122062179,NA,NA,NA,NA,NA,31,8450.1176264664,NA,NA,NA,31,5560.75210513963,NA,NA,NA,NA,NA,NA,NA,NA,"1.2.0","2017-12-12 14:31:59"
"RONC02800","PT","2003-08",31,12891.1526868397,247531.740622292,5.70874066700711,78738.7660043529,NA,NA,NA,NA,NA,31,7936.70418329076,NA,NA,NA,31,4468.68328430492,NA,NA,NA,NA,NA,NA,NA,NA,"1.2.0","2017-12-12 14:31:59"
"RONC02800","PT","2003-09",30,13338.2746801738,282154.994069131,4.96437024110104,79907.8664315517,NA,NA,NA,NA,NA,30,8134.60902831969,NA,NA,NA,30,3947.69473798498,NA,NA,NA,NA,NA,NA,NA,NA,"1.2.0","2017-12-12 14:31:59"
"RONC02800","PT","2003-10",31,15105.9795600718,339438.362630788,5.04764545418643,89356.3887552802,NA,NA,NA,NA,NA,31,9137.12673009264,NA,NA,NA,31,3994.11779763614,NA,NA,NA,NA,NA,NA,NA,NA,"1.2.0","2017-12-12 14:31:59"
"RONC02800","PT","2003-11",30,21785.8741812838,368761.609283242,12.1202647141201,136201.939502124,NA,NA,NA,NA,NA,30,13548.6333311187,NA,NA,NA,30,5440.13026883304,NA,NA,NA,NA,NA,NA,NA,NA,"1.2.0","2017-12-12 14:31:59"
"RONC02800","PT","2003-12",31,40813.2870182199,347877.861092031,81.6992647027176,276820.10680285,NA,NA,NA,NA,NA,31,27443.7579592713,NA,NA,NA,31,11195.2192564528,NA,NA,NA,NA,NA,NA,NA,NA,"1.2.0","2017-12-12 14:31:59"
"RONC02800","PT","2004-01",31,44822.0221818778,351608.758736856,105.27844397517,305144.984650661,NA,NA,NA,NA,NA,31,30063.7872831231,NA,NA,NA,31,13993.2162637534,NA,NA,NA,NA,NA,NA,NA,NA,"1.2.0","2017-12-12 14:31:59"
"RONC02800","PT","2004-02",29,59738.7707182625,290459.508640931,360.314264737949,401957.09178907,NA,NA,NA,NA,NA,29,41542.7119797593,NA,NA,NA,29,23421.5629330993,NA,NA,NA,NA,NA,NA,NA,NA,"1.2.0","2017-12-12 14:31:59"
"RONC02800","PT","2004-03",31,50270.6046851192,245033.520078194,301.692578247104,338326.217101089,NA,NA,NA,NA,NA,31,34862.9043452944,NA,NA,NA,31,21911.8303443648,NA,NA,NA,NA,NA,NA,NA,NA,"1.2.0","2017-12-12 14:31:59"
"RONC02800","PT","2004-04",30,30719.2331960722,210321.609026305,93.9968570668159,209697.365167997,NA,NA,NA,NA,NA,30,20669.7631557709,NA,NA,NA,30,13351.2893146108,NA,NA,NA,NA,NA,NA,NA,NA,"1.2.0","2017-12-12 14:31:59"
"RONC02800","PT","2004-05",31,30106.6650569548,158449.227388554,154.938807417005,203848.326690868,NA,NA,NA,NA,NA,31,21072.3385193124,NA,NA,NA,31,14672.4674686534,NA,NA,NA,NA,NA,NA,NA,NA,"1.2.0","2017-12-12 14:31:59"
"RONC02800","PT","2004-06",30,27597.6321102299,129795.464692377,177.975136358359,185099.730495953,NA,NA,NA,NA,NA,30,19781.6404457807,NA,NA,NA,30,13432.3058664264,NA,NA,NA,NA,NA,NA,NA,NA,"1.2.0","2017-12-12 14:31:59"
"RONC02800","PT","2004-07",31,23458.5684938643,120445.100216495,126.845295958466,158556.404978399,NA,NA,NA,NA,NA,31,16943.7178863555,NA,NA,NA,31,9952.82063493182,NA,NA,NA,NA,NA,NA,NA,NA,"1.2.0","2017-12-12 14:31:59"
"RONC02800","PT","2004-08",31,19790.8291921195,127464.307268682,68.2651278785891,135062.36798354,NA,NA,NA,NA,NA,31,14127.8070534002,NA,NA,NA,31,6758.85680126499,NA,NA,NA,NA,NA,NA,NA,NA,"1.2.0","2017-12-12 14:31:59"
"RONC02800","PT","2004-09",30,16952.6666541356,153225.033335671,30.3325204550089,114577.731929692,NA,NA,NA,NA,NA,30,11696.1855004888,NA,NA,NA,30,4668.95047110335,NA,NA,NA,NA,NA,NA,NA,NA,"1.2.0","2017-12-12 14:31:59"
"RONC02800","PT","2004-10",31,30274.2598121787,158735.102889153,156.972583683907,204930.929913587,NA,NA,NA,NA,NA,31,22151.1254483066,NA,NA,NA,31,8275.68540004489,NA,NA,NA,NA,NA,NA,NA,NA,"1.2.0","2017-12-12 14:31:59"
"RONC02800","PT","2004-11",30,32331.6787409535,191868.698952779,131.054559887057,220238.119045708,NA,NA,NA,NA,NA,30,23111.8515102886,NA,NA,NA,30,8088.17918449707,NA,NA,NA,NA,NA,NA,NA,NA,"1.2.0","2017-12-12 14:31:59"
"RONC02800","PT","2004-12",31,45322.6146072356,201453.276880439,327.585895153477,302094.114093466,NA,NA,NA,NA,NA,31,32863.1407404056,NA,NA,NA,31,12395.5896720622,NA,NA,NA,NA,NA,NA,NA,NA,"1.2.0","2017-12-12 14:31:59"
"RONC02800","PT","2005-01",31,61274.5191456014,193076.788488566,894.6524974685,383998.691489351,NA,NA,NA,NA,NA,31,45040.0941794735,NA,NA,NA,31,21666.448171767,NA,NA,NA,NA,NA,NA,NA,NA,"1.2.0","2017-12-12 14:31:59"
"RONC02800","PT","2005-02",28,57535.9831548227,177263.485522361,879.927972765197,358568.452321801,NA,NA,NA,NA,NA,28,42007.3256869452,NA,NA,NA,28,22762.6578122376,NA,NA,NA,NA,NA,NA,NA,NA,"1.2.0","2017-12-12 14:31:59"
"RONC02800","PT","2005-03",31,44794.4795629911,153196.969262204,552.606558740112,285991.51390429,NA,NA,NA,NA,NA,31,32397.7245258844,NA,NA,NA,31,19516.9390702095,NA,NA,NA,NA,NA,NA,NA,NA,"1.2.0","2017-12-12 14:31:59"
"RONC02800","PT","2005-04",30,29784.5252420687,128424.110115427,228.949891631817,197776.989434791,NA,NA,NA,NA,NA,30,21187.66502621,NA,NA,NA,30,12547.4518123435,NA,NA,NA,NA,NA,NA,NA,NA,"1.2.0","2017-12-12 14:31:59"
"RONC02800","PT","2005-05",31,23311.1082262568,103392.371993502,169.224187219532,155338.245357741,NA,NA,NA,NA,NA,31,16743.0601899025,NA,NA,NA,31,10795.7589117087,NA,NA,NA,NA,NA,NA,NA,NA,"1.2.0","2017-12-12 14:31:59"
"RONC02800","PT","2005-06",30,20514.2464205527,84555.1609939471,172.799100185196,135382.154143797,NA,NA,NA,NA,NA,30,15036.6098459133,NA,NA,NA,30,8894.68036353144,NA,NA,NA,NA,NA,NA,NA,NA,"1.2.0","2017-12-12 14:31:59"
"RONC02800","PT","2005-07",31,18250.2230064679,77466.8732319613,144.81950402338,120935.766100693,NA,NA,NA,NA,NA,31,13549.4516983122,NA,NA,NA,31,7036.53979961557,NA,NA,NA,NA,NA,NA,NA,NA,"1.2.0","2017-12-12 14:31:59"
"RONC02800","PT","2005-08",31,16334.7439040755,80971.6856226355,94.7727890139606,110096.91645774,NA,NA,NA,NA,NA,31,12087.7027304276,NA,NA,NA,31,5191.91070831886,NA,NA,NA,NA,NA,NA,NA,NA,"1.2.0","2017-12-12 14:31:59"
"RONC02800","PT","2005-09",30,20169.2088385671,86806.5967591909,155.612459698216,133897.120199108,NA,NA,NA,NA,NA,30,15215.0947208883,NA,NA,NA,30,5633.11213926601,NA,NA,NA,NA,NA,NA,NA,NA,"1.2.0","2017-12-12 14:31:59"
"RONC02800","PT","2005-10",31,22962.9866403181,102908.940715909,163.240442486938,153206.320870543,NA,NA,NA,NA,NA,31,17205.7731759094,NA,NA,NA,31,5653.31568161719,NA,NA,NA,NA,NA,NA,NA,NA,"1.2.0","2017-12-12 14:31:59"
"RONC02800","PT","2005-11",30,29414.7718113866,118478.897710204,259.667516136265,193457.611460469,NA,NA,NA,NA,NA,30,22047.5269183434,NA,NA,NA,30,7104.32490320231,NA,NA,NA,NA,NA,NA,NA,NA,"1.2.0","2017-12-12 14:31:59"
"RONC02800","PT","2005-12",31,34877.0708032799,130676.592418438,356.86501782315,226660.727541974,NA,NA,NA,NA,NA,31,25918.6369328035,NA,NA,NA,31,8678.85159400738,NA,NA,NA,NA,NA,NA,NA,NA,"1.2.0","2017-12-12 14:31:59"
"RONC02800","PT","2006-01",31,43765.1366737211,127094.557518196,756.14411624134,268527.366349597,NA,NA,NA,NA,NA,31,32757.3223889928,NA,NA,NA,31,14171.966438267,NA,NA,NA,NA,NA,NA,NA,NA,"1.2.0","2017-12-12 14:31:59"
"RONC02800","PT","2006-02",28,48190.8956412368,111630.231636164,1327.2866066225,274860.91582874,NA,NA,NA,NA,NA,28,36282.7038793192,NA,NA,NA,28,18716.5343613266,NA,NA,NA,NA,NA,NA,NA,NA,"1.2.0","2017-12-12 14:31:59"
"RONC02800","PT","2006-03",31,42011.3303534826,93690.6866932172,1250.98449977879,236185.84143027,NA,NA,NA,NA,NA,31,31660.3162862263,NA,NA,NA,31,17780.9632427319,NA,NA,NA,NA,NA,NA,NA,NA,"1.2.0","2017-12-12 14:31:59"
"RONC02800","PT","2006-04",30,28934.3812103167,78114.1428547661,581.156988251397,173806.227957928,NA,NA,NA,NA,NA,30,21604.345294952,NA,NA,NA,30,12540.0689286167,NA,NA,NA,NA,NA,NA,NA,NA,"1.2.0","2017-12-12 14:31:59"
"RONC02800","PT","2006-05",31,17762.8137866243,67601.6936245795,176.035957676129,115754.015637749,NA,NA,NA,NA,NA,31,13022.410223359,NA,NA,NA,31,7219.88398110224,NA,NA,NA,NA,NA,NA,NA,NA,"1.2.0","2017-12-12 14:31:59"
"RONC02800","PT","2006-06",30,15198.1869096403,55916.8829290316,161.410312037687,98445.574361107,NA,NA,NA,NA,NA,30,11347.2660717719,NA,NA,NA,30,6024.64302001042,NA,NA,NA,NA,NA,NA,NA,NA,"1.2.0","2017-12-12 14:31:59"
"RONC02800","PT","2006-07",31,14277.5085463769,50339.5049289255,165.457848823157,91728.1631031054,NA,NA,NA,NA,NA,31,10866.7309066741,NA,NA,NA,31,5155.65616729858,NA,NA,NA,NA,NA,NA,NA,NA,"1.2.0","2017-12-12 14:31:59"
"RONC02800","PT","2006-08",31,13822.1696996298,51484.9933509293,143.140387326327,89733.7399977802,NA,NA,NA,NA,NA,31,10595.6957464351,NA,NA,NA,31,4209.97791737618,NA,NA,NA,NA,NA,NA,NA,NA,"1.2.0","2017-12-12 14:31:59"
"RONC02800","PT","2006-09",30,15936.2714494806,56282.1157962186,184.047611153524,102419.395847541,NA,NA,NA,NA,NA,30,12339.5615368215,NA,NA,NA,30,4161.72440701551,NA,NA,NA,NA,NA,NA,NA,NA,"1.2.0","2017-12-12 14:31:59"
"RONC02800","PT","2006-10",31,24862.3218207371,60474.0908354377,619.244813233345,144325.399910285,NA,NA,NA,NA,NA,31,19772.9151810776,NA,NA,NA,31,6663.16775016101,NA,NA,NA,NA,NA,NA,NA,NA,"1.2.0","2017-12-12 14:31:59"
"RONC02800","PT","2006-11",30,27283.8000019341,72977.7853381688,558.602976427666,163424.000807608,NA,NA,NA,NA,NA,30,21332.8943221154,NA,NA,NA,30,6623.04251790626,NA,NA,NA,NA,NA,NA,NA,NA,"1.2.0","2017-12-12 14:31:59"
"RONC02800","PT","2006-12",31,37298.4913810948,77163.6748861024,1295.27504730661,203416.891276006,31,-1717391.40672163,95514407321.0451,NA,NA,31,29261.1191275448,NA,NA,NA,31,10188.0536964352,NA,NA,NA,NA,NA,NA,NA,NA,"1.2.0","2017-12-12 14:31:59"
"RONC02800","PT","2007-01",31,68004.5395239293,75348.2541871289,7885.25106420442,263278.577955372,31,1088473.58657603,37232978899.5338,0.00410269640433807,246800.837580537,31,53444.1050555041,NA,NA,NA,31,35325.9188119008,NA,NA,NA,NA,NA,NA,NA,NA,"1.2.0","2017-12-12 14:31:59"
"RONC02800","PT","2007-02",28,53551.9872391395,66509.1174694167,5056.91595751293,223055.517418641,28,2154469.29885299,16950523948.5203,0.067921987226248,1104039.45579327,28,41936.4208836854,NA,NA,NA,28,24914.6985040016,NA,NA,NA,NA,NA,NA,NA,NA,"1.2.0","2017-12-12 14:31:59"
"RONC02800","PT","2007-03",31,38493.4766800468,57569.7527691806,2557.44885122287,179002.967352903,31,2093874.65241251,7941077494.63411,0.193326882613175,1576709.09055434,31,29908.4837505686,NA,NA,NA,31,17710.9457654432,NA,NA,NA,NA,NA,NA,NA,NA,"1.2.0","2017-12-12 14:31:59"
"RONC02800","PT","2007-04",30,26231.4782441117,48372.5937965142,1150.56161094756,135901.909201959,30,1670686.35002006,3382958118.06135,0.39349685221759,1729995.95028774,30,20276.3301237653,NA,NA,NA,30,11617.7737243915,NA,NA,NA,NA,NA,NA,NA,NA,"1.2.0","2017-12-12 14:31:59"
"RONC02800","PT","2007-05",31,20556.2008239072,38762.5534023179,861.888023526828,107614.021357302,31,1490896.16789455,1471552520.36739,1.04280416146296,2187937.2319275,31,16033.780665956,NA,NA,NA,31,9642.84263380167,NA,NA,NA,NA,NA,NA,NA,NA,"1.2.0","2017-12-12 14:31:59"
"RONC02800","PT","2007-06",30,17834.9108730272,32069.8680370543,823.014069014114,91295.7686188401,30,1369779.02656851,813338761.911647,2.09331902333917,2542274.58723594,30,14161.9562609907,NA,NA,NA,30,8170.73556890103,NA,NA,NA,NA,NA,NA,NA,NA,"1.2.0","2017-12-12 14:31:59"
"RONC02800","PT","2007-07",31,18857.7679020327,27928.362394816,1276.88783972789,87212.6796640949,31,1484476.730988,579567448.12068,4.35916861003656,3316493.04685001,31,15232.7104342084,NA,NA,NA,31,9783.56316052379,NA,NA,NA,NA,NA,NA,NA,NA,"1.2.0","2017-12-12 14:31:59"
"RONC02800","PT","2007-08",31,18102.3814139125,28603.8406186465,1080.22341541504,86754.4314586635,31,1415920.43696756,354619297.913613,8.37870806512898,3814579.64852226,31,14856.6809813499,NA,NA,NA,31,7004.67208058865,NA,NA,NA,NA,NA,NA,NA,NA,"1.2.0","2017-12-12 14:31:59"
"RONC02800","PT","2007-09",30,15914.8889957134,33882.239938901,521.224225430832,87833.8417327917,30,1094976.3043953,93323068.2072949,37.2115184108907,4435102.80030989,30,12923.9533915546,NA,NA,NA,30,4411.11194385013,NA,NA,NA,NA,NA,NA,NA,NA,"1.2.0","2017-12-12 14:31:59"
"RONC02800","PT","2007-10",31,17535.68908184,40750.1547587488,479.803696774424,100135.022689967,31,1063682.65999391,58693093.3228973,74.8388725995525,4963687.9301256,31,14097.3169315121,NA,NA,NA,31,4217.7042387526,NA,NA,NA,NA,NA,NA,NA,NA,"1.2.0","2017-12-12 14:31:59"
"RONC02800","PT","2007-11",30,30740.797784771,42061.8099777367,2422.53043213584,135815.909987011,30,2131348.15944444,175494380.984923,76.6941136655318,8735043.59136597,30,25195.8134976194,NA,NA,NA,30,9056.47309039933,NA,NA,NA,NA,NA,NA,NA,NA,"1.2.0","2017-12-12 14:31:59"
"RONC02800","PT","2007-12",31,32792.2699384719,47961.3129030142,2274.79453668289,150587.917953241,31,2015772.8648002,96022625.1389772,182.033849756729,9832766.51627644,31,26400.841992218,NA,NA,NA,31,9662.50907400171,NA,NA,NA,NA,NA,NA,NA,NA,"1.2.0","2017-12-12 14:31:59"
"RONC02800","PT","2008-01",31,39360.7075874537,46676.3797301474,4043.43931844529,159232.095946643,31,2206646.87671309,65491827.5602373,451.089821375274,12240562.0386558,31,31460.989712388,NA,NA,NA,31,14613.1587224459,NA,NA,NA,NA,NA,NA,NA,NA,"1.2.0","2017-12-12 14:31:59"
"RONC02800","PT","2008-02",29,43178.5963720478,41392.0471950726,6405.03304988079,151687.455052337,29,2177843.89876284,41986218.5788549,957.503012681347,13291879.5695064,29,34441.5062558585,NA,NA,NA,29,20173.1603221868,NA,NA,NA,NA,NA,NA,NA,NA,"1.2.0","2017-12-12 14:31:59"
"RONC02800","PT","2008-03",31,37342.9614444299,34407.3490381036,5907.5895601768,127667.61495053,31,1586530.69422131,22062356.6905094,1264.92919768032,10237262.7016876,31,29672.6929939116,NA,NA,NA,31,20929.0102352172,NA,NA,NA,NA,NA,NA,NA,NA,"1.2.0","2017-12-12 14:31:59"
"RONC02800","PT","2008-04",30,30548.8264066769,27497.7946047267,5016.32450267191,102770.961665686,30,1215675.58070757,13614019.880902,1449.89003176497,8063316.83715012,30,24413.8578285129,NA,NA,NA,30,19026.2419642662,NA,NA,NA,NA,NA,NA,NA,NA,"1.2.0","2017-12-12 14:31:59"
"RONC02800","PT","2008-05",31,22880.4078033827,22344.5173729773,3291.73083339497,81403.679237309,31,851328.074523377,8458944.18437649,1272.17631956297,5712568.31150503,31,18473.4760427557,NA,NA,NA,31,13788.5050757559,NA,NA,NA,NA,NA,NA,NA,NA,"1.2.0","2017-12-12 14:31:59"
"RONC02800","PT","2008-06",30,18579.6998451264,18994.6330726347,2475.50971765562,68184.3365232931,30,632445.600528984,5518067.18320941,1210.61036834061,4283970.57670872,30,15217.2647051576,NA,NA,NA,30,10513.3946013591,NA,NA,NA,NA,NA,NA,NA,NA,"1.2.0","2017-12-12 14:31:59"
"RONC02800","PT","2008-07",31,15828.5498363674,17625.9799074989,1819.23047017974,61481.5880521631,31,452106.855529966,3129115.14341486,1354.40067535834,3086038.16861108,31,13145.2403025391,NA,NA,NA,31,7522.5711674108,NA,NA,NA,NA,NA,NA,NA,NA,"1.2.0","2017-12-12 14:31:59"
"RONC02800","PT","2008-08",31,16338.456972029,17610.8753771372,1987.92282445815,62115.8610800532,31,413479.60738124,2410474.23231787,1736.10813411556,2814752.99950485,31,13734.3902493221,NA,NA,NA,31,6854.5375571422,NA,NA,NA,NA,NA,NA,NA,NA,"1.2.0","2017-12-12 14:31:59"
"RONC02800","PT","2008-09",30,16109.8092067758,20132.3134408844,1503.96512540674,67361.1194737831,30,294082.659443682,1192030.867298,2562.93802883265,1935996.89604106,30,13571.553719736,NA,NA,NA,30,5065.01794259,NA,NA,NA,NA,NA,NA,NA,NA,"1.2.0","2017-12-12 14:31:59"
"RONC02800","PT","2008-10",31,19659.6426077082,23195.5300624888,2038.19101855226,79274.7036673499,31,337160.719084201,1278345.43218786,3367.18097472932,2195728.61006846,31,16541.9611873376,NA,NA,NA,31,5676.83296428691,NA,NA,NA,NA,NA,NA,NA,NA,"1.2.0","2017-12-12 14:31:59"
"RONC02800","PT","2008-11",30,25404.9607069754,26467.3680057499,3277.79067095556,94421.1446585252,30,427969.671959363,1548168.56814502,4705.37954027033,2763378.09386805,30,21234.4732828467,NA,NA,NA,30,7503.35475662706,NA,NA,NA,NA,NA,NA,NA,NA,"1.2.0","2017-12-12 14:31:59"
"RONC02800","PT","2008-12",31,28761.7125456834,29459.1034376708,3819.99319744688,105683.572943029,31,402174.637785268,1145771.10103848,7228.58279826584,2454427.56655778,31,23590.2139194491,NA,NA,NA,31,9501.51420678925,NA,NA,NA,NA,NA,NA,NA,NA,"1.2.0","2017-12-12 14:31:59"
"RONC02800","PT","2009-01",31,36866.3819110958,28217.3043168535,7735.4381978791,110794.978199743,31,493689.175865171,1193079.55629022,12461.4656328612,2859341.16107059,31,30030.335346822,NA,NA,NA,31,15720.3131344017,NA,NA,NA,NA,NA,NA,NA,NA,"1.2.0","2017-12-12 14:31:59"
"RONC02800","PT","2009-02",28,43411.8946451116,27447.7440986078,11774.7303553897,114344.145276743,28,376438.063872697,771085.353441032,13340.3830466267,2044390.5271718,28,34578.732597448,NA,NA,NA,28,30151.281573742,NA,NA,NA,NA,NA,NA,NA,NA,"1.2.0","2017-12-12 14:31:59"
"RONC02800","PT","2009-03",31,31417.7670145061,21391.243326993,7746.98484634297,87056.7582177514,31,284435.139161427,459367.608175701,16258.3324816987,1379082.48879174,31,25287.1699591439,NA,NA,NA,31,18734.2930395764,NA,NA,NA,NA,NA,NA,NA,NA,"1.2.0","2017-12-12 14:31:59"
"RONC02800","PT","2009-04",30,23620.5599251716,17390.2220664944,5236.61311758517,69093.1130236332,30,190560.47199171,283514.978877728,12789.2164880932,883565.351622729,30,19114.4179198785,NA,NA,NA,30,14364.4598961363,NA,NA,NA,NA,NA,NA,NA,NA,"1.2.0","2017-12-12 14:31:59"
"RONC02800","PT","2009-05",31,16918.4279703579,14508.8919454838,2996.75632595963,55037.46943682,31,114491.627680315,162706.618912351,8393.82876944494,517177.388728603,31,13829.9931035174,NA,NA,NA,31,9581.91875758787,NA,NA,NA,NA,NA,NA,NA,NA,"1.2.0","2017-12-12 14:31:59"
"RONC02800","PT","2009-06",30,15141.149968212,11936.1489127062,3043.87405262983,46450.0024847675,30,97914.7932359107,128053.553272176,8401.59047564361,421025.784080132,30,12561.9813164952,NA,NA,NA,30,9005.08636048421,NA,NA,NA,NA,NA,NA,NA,NA,"1.2.0","2017-12-12 14:31:59"
"RONC02800","PT","2009-07",31,14661.8099013982,10761.195867911,3264.54377304646,42795.5974610693,31,91286.1854512835,111999.256382702,8815.06446019497,377334.602326832,31,12330.053105145,NA,NA,NA,31,8560.09985794705,NA,NA,NA,NA,NA,NA,NA,NA,"1.2.0","2017-12-12 14:31:59"
"RONC02800","PT","2009-08",31,15839.5275180318,10745.2363114541,3924.60387113078,43780.0240144409,31,95378.1646425033,112519.843399058,9890.21493449327,384571.36306104,31,13373.9644036235,NA,NA,NA,31,9356.18423766182,NA,NA,NA,NA,NA,NA,NA,NA,"1.2.0","2017-12-12 14:31:59"
"RONC02800","PT","2009-09",30,19789.1854033984,12425.5649580425,5414.08014640764,51878.7086953084,30,123768.54623109,145169.926042901,12968.6558882988,497197.351779962,30,16678.9393982075,NA,NA,NA,30,11864.1191907637,NA,NA,NA,NA,NA,NA,NA,NA,"1.2.0","2017-12-12 14:31:59"
"RONC02800","PT","2009-10",31,23892.4396103756,14168.378261912,7007.499382722,60268.6441477418,31,135995.380593667,142320.414380898,17411.9200042905,506967.368791491,31,20163.0993701644,NA,NA,NA,31,12352.1917093746,NA,NA,NA,NA,NA,NA,NA,NA,"1.2.0","2017-12-12 14:31:59"
"RONC02800","PT","2009-11",30,27036.3143345798,15748.8001730082,8098.61639810175,67391.0456647688,30,122334.474213566,108657.373330922,20516.1123878426,407771.760754653,30,22731.5370151655,NA,NA,NA,30,12075.6142103397,NA,NA,NA,NA,NA,NA,NA,NA,"1.2.0","2017-12-12 14:31:59"
"RONC02800","PT","2009-12",31,37770.9394365016,24716.6340794682,9807.80555689714,101847.35962076,31,113555.667345241,129112.68894819,12578.9827174091,447107.756228866,31,30139.5136697237,NA,NA,NA,31,29559.3509389879,NA,NA,NA,NA,NA,NA,NA,NA,"1.2.0","2017-12-12 14:31:59"
"RONC02800","PT","2010-01",31,38830.0167650789,22972.8507552179,11420.1758241372,97796.1381882977,31,86057.3617713421,85281.5665607975,12082.8459530041,309237.300134813,31,30806.6645597372,NA,NA,NA,31,31298.1882170356,NA,NA,NA,NA,NA,NA,NA,NA,"1.2.0","2017-12-12 14:31:59"
"RONC02800","PT","2010-02",28,34481.4958419414,18304.2532890489,11469.6844187267,80872.7984154728,28,65361.8483641501,49567.4331774406,13897.0385708885,195172.195895204,28,27409.4295856394,NA,NA,NA,28,27771.209555691,NA,NA,NA,NA,NA,NA,NA,NA,"1.2.0","2017-12-12 14:31:59"
"RONC02800","PT","2010-03",31,28366.0290125289,13976.318577175,10203.9595033479,63451.0585778052,31,53567.6483023971,30258.7397139859,16627.2102200763,130832.422079157,31,22727.3581670174,NA,NA,NA,31,22701.6779729285,NA,NA,NA,NA,NA,NA,NA,NA,"1.2.0","2017-12-12 14:31:59"
"RONC02800","PT","2010-04",30,20754.1153440499,10700.0765703373,7122.87702414087,47773.3551017895,30,37916.6577557447,18288.7470294156,13934.9724135161,83697.6582022024,30,45171.9659949018,NA,NA,NA,30,49672.39489967,NA,NA,NA,NA,NA,NA,NA,NA,"1.2.0","2017-12-12 14:31:59"
"RONC02800","PT","2010-05",31,15067.9675153704,8781.06283938553,4511.20381003682,37569.6733014334,31,24788.3485978026,12570.0432047311,8656.71610275276,56462.0429410055,31,35033.186837324,NA,NA,NA,31,34424.3499329139,NA,NA,NA,NA,NA,NA,NA,NA,"1.2.0","2017-12-12 14:31:59"
"RONC02800","PT","2010-06",30,12841.1964912566,7431.99085472574,3875.62977600087,31871.2311130157,30,20033.8725000648,9852.63107096112,7220.29188391894,44761.0593854698,30,18678.8043086192,NA,NA,NA,30,20716.5672396286,NA,NA,NA,NA,NA,NA,NA,NA,"1.2.0","2017-12-12 14:31:59"
"RONC02800","PT","2010-07",31,11875.531086646,6770.34803344285,3647.28676195518,29181.8156686111,31,17355.0132227538,8210.61278274453,6501.47871352915,37854.6971678699,31,10702.4741560709,NA,NA,NA,31,12707.5505691099,NA,NA,NA,NA,NA,NA,NA,NA,"1.2.0","2017-12-12 14:31:59"
"RONC02800","PT","2010-08",31,11191.7297187821,6830.98552766113,3170.52473584745,28783.1575939723,31,11761.352541522,5526.38801198613,4435.5165064623,25546.4993166477,31,10251.1687054623,NA,NA,NA,31,9164.4628649236,NA,NA,NA,NA,NA,NA,NA,NA,"1.2.0","2017-12-12 14:31:59"
"RONC02800","PT","2010-09",30,11999.2910721183,7533.5514843008,3283.27423616975,31454.8004225268,30,10197.1213993166,4771.31100148148,3861.34498807502,22092.0041115135,30,8537.63260052024,NA,NA,NA,30,8066.00044136245,NA,NA,NA,NA,NA,NA,NA,NA,"1.2.0","2017-12-12 14:31:59"
"RONC02800","PT","2010-10",31,15325.2825725373,8376.3217953355,4936.84660352584,36630.7636066299,31,16047.3823229524,6702.22114746517,6747.89403035336,32494.647612732,31,9801.43141642589,NA,NA,NA,31,10455.9050677185,NA,NA,NA,NA,NA,NA,NA,NA,"1.2.0","2017-12-12 14:31:59"
"RONC02800","PT","2010-11",30,17548.0895896962,10159.327609426,5294.30185369653,43562.5345481596,30,15140.1683746376,7003.66126949998,5796.79161564124,32573.1250711574,30,15326.8888060203,NA,NA,NA,30,10412.2730128768,NA,NA,NA,NA,NA,NA,NA,NA,"1.2.0","2017-12-12 14:31:59"
"RONC02800","PT","2010-12",31,23485.7377253224,10925.2973250507,8943.6742091599,50700.9244407978,31,25767.1358725118,9835.14450681136,11684.5299822444,49596.8386467581,31,22401.9123903854,NA,NA,NA,31,18940.7445871649,NA,NA,NA,NA,NA,NA,NA,NA,"1.2.0","2017-12-12 14:31:59"
"RONC02800","PT","2011-01",31,30016.5731769775,17793.1916282056,8807.69184755896,75697.305803104,31,21338.7393436541,17722.6047856804,3969.34553946423,67886.8395868282,31,31856.9499939017,NA,NA,NA,31,49760.8080745001,NA,NA,NA,NA,NA,NA,NA,NA,"1.2.0","2017-12-12 14:31:59"
"RONC02800","PT","2011-02",28,23489.6482248601,10357.7082315024,9407.97450522012,49101.4586004595,28,18964.7716676679,6551.38476143822,9282.43183381712,34615.6945128586,28,26941.9764195933,NA,NA,NA,28,24996.831395645,NA,NA,NA,NA,NA,NA,NA,NA,"1.2.0","2017-12-12 14:31:59"
"RONC02800","PT","2011-03",31,22896.9592458426,10388.5745796247,8929.98584931716,48686.733401417,31,14917.2424689794,7305.09711780411,5399.48554061438,33240.5430437258,31,31721.7327164904,NA,NA,NA,31,38548.4704448191,NA,NA,NA,NA,NA,NA,NA,NA,"1.2.0","2017-12-12 14:31:59"
"RONC02800","PT","2011-04",30,17381.7878358015,7438.62472554242,7153.14070472655,35698.8265457923,30,11943.3901219405,4363.4655511641,5605.58838661278,22450.2484606528,30,26956.2307141648,NA,NA,NA,30,28405.5808119997,NA,NA,NA,NA,NA,NA,NA,NA,"1.2.0","2017-12-12 14:31:59"
"RONC02800","PT","2011-05",31,12530.2080539984,5636.8288128701,4926.20230328167,26507.2706366729,31,8100.40330974848,3007.24131044746,3754.93384791314,15358.0506539541,31,19886.6002068374,NA,NA,NA,31,17169.9991750904,NA,NA,NA,NA,NA,NA,NA,NA,"1.2.0","2017-12-12 14:31:59"
"RONC02800","PT","2011-06",30,10792.6468381103,4931.31652869054,4181.24736322735,23046.5593552599,30,7305.56004003656,2691.53225689998,3406.68418879146,13794.250486999,30,10837.6673627753,NA,NA,NA,30,11531.9859073021,NA,NA,NA,NA,NA,NA,NA,NA,"1.2.0","2017-12-12 14:31:59"
"RONC02800","PT","2011-07",31,9684.29337303301,4464.92022874749,3719.75850777377,20792.951460136,31,5994.74512474952,2275.25258251052,2730.75288363815,11503.0622613521,31,7366.47202600783,NA,NA,NA,31,7774.27055588265,NA,NA,NA,NA,NA,NA,NA,NA,"1.2.0","2017-12-12 14:31:59"
"RONC02800","PT","2011-08",31,9731.87496836108,4382.07048381842,3822.69580615241,20599.0467960016,31,5447.37178454219,2081.68030737955,2467.85940804157,10491.9475382106,31,7504.99804144643,NA,NA,NA,31,6565.65216019612,NA,NA,NA,NA,NA,NA,NA,NA,"1.2.0","2017-12-12 14:31:59"
"RONC02800","PT","2011-09",30,10175.287599715,4686.19480784319,3912.42063888548,21832.7396098531,30,4242.48417070066,1853.30723166214,1713.79091036276,8819.24932198686,30,7548.64435508626,NA,NA,NA,30,5829.88561562112,NA,NA,NA,NA,NA,NA,NA,NA,"1.2.0","2017-12-12 14:31:59"
"RONC02800","PT","2011-10",31,13236.4025507482,5505.91723541174,5585.54769919187,26740.2425117729,31,8335.62363944966,3012.62800082406,3944.83017610184,15578.6788990991,31,9123.77837021332,NA,NA,NA,31,10336.8165701854,NA,NA,NA,NA,NA,NA,NA,NA,"1.2.0","2017-12-12 14:31:59"
"RONC02800","PT","2011-11",30,16827.2932685448,7146.05943492836,6972.67085756858,34404.9003245336,30,11659.4325298599,4150.76471283017,5581.18034528787,21617.5485033622,30,11087.662715198,NA,NA,NA,30,11705.3938481243,NA,NA,NA,NA,NA,NA,NA,NA,"1.2.0","2017-12-12 14:31:59"
"RONC02800","PT","2011-12",31,19947.9130915133,8684.28787090565,8083.36046194254,41383.6033346334,31,13902.7050499763,4920.11070988725,6684.60164510639,25696.6805893578,31,12718.7262203209,NA,NA,NA,31,14118.471345966,NA,NA,NA,NA,NA,NA,NA,NA,"1.2.0","2017-12-12 14:31:59"
"RONC02800","PT","2012-01",31,22540.8864609809,12611.1581918402,7073.39645332304,54707.0912554325,31,12420.4789598803,7019.5310817799,3853.02614724674,30345.6983515282,31,3052.99795820235,NA,NA,NA,31,3099.16557158556,NA,NA,NA,NA,NA,NA,NA,NA,"1.2.0","2017-12-12 14:31:59"
"RONC02800","PT","2012-02",29,19429.1168918005,8199.44444975056,8095.57689764617,39580.0504267525,29,10287.7975505075,3875.14714576576,4714.70547013391,19659.3200552516,29,2391.97746560911,NA,NA,NA,29,1979.15818700148,NA,NA,NA,NA,NA,NA,NA,NA,"1.2.0","2017-12-12 14:31:59"
"RONC02800","PT","2012-03",31,15131.304529939,5937.38740488234,6708.93255123219,29573.6237573325,31,7179.27581877401,2764.37490217233,3232.66093989595,13885.4440795705,31,1521.9124965862,NA,NA,NA,31,1397.9633950909,NA,NA,NA,NA,NA,NA,NA,NA,"1.2.0","2017-12-12 14:31:59"
"RONC02800","PT","2012-04",30,11802.3508047887,4779.60932849301,5096.53614598609,23480.5571599404,30,5244.65950190601,2134.9522256116,2254.81200165568,10464.8914908174,30,1063.48210885222,NA,NA,NA,30,1171.43901937061,NA,NA,NA,NA,NA,NA,NA,NA,"1.2.0","2017-12-12 14:31:59"
"RONC02800","PT","2012-05",31,10652.9858811085,4716.7963273915,4250.52754261944,22323.0247618405,31,5930.3696826951,2268.12387084404,2684.894747808,11427.4008249246,31,949.560475483408,NA,NA,NA,31,1502.86426321988,NA,NA,NA,NA,NA,NA,NA,NA,"1.2.0","2017-12-12 14:31:59"
"RONC02800","PT","2012-06",30,9188.39611376723,4983.85965089491,2985.10024153157,21853.2955677986,30,6096.72925852628,2816.42859239733,2337.34556698927,13105.8524661521,30,6347.47121742521,NA,NA,NA,30,10500.3918289673,NA,NA,NA,NA,NA,NA,NA,NA,"1.2.0","2017-12-12 14:31:59"
"RONC02800","PT","2012-07",31,8443.8562793011,4490.64779629941,2803.0792062032,19827.8121523919,31,6341.66888303172,2671.11995971246,2646.919670265,12904.4175726667,31,7846.17908786077,NA,NA,NA,31,10080.1258948036,NA,NA,NA,NA,NA,NA,NA,NA,"1.2.0","2017-12-12 14:31:59"
"RONC02800","PT","2012-08",31,7995.95544412351,3433.24701535813,3280.84415372261,16453.98066165,31,4657.09657543658,1696.69284824233,2190.50188534178,8740.97037625449,31,7688.16444965579,NA,NA,NA,31,6376.15336115245,NA,NA,NA,NA,NA,NA,NA,NA,"1.2.0","2017-12-12 14:31:59"
"RONC02800","PT","2012-09",30,8603.3060045297,3404.68325177405,3787.78925057421,16894.9751501405,30,4376.28316838967,1565.48300825007,2087.27526991069,8134.59774778769,30,2490.15681593396,NA,NA,NA,30,1854.4155961303,NA,NA,NA,NA,NA,NA,NA,NA,"1.2.0","2017-12-12 14:31:59"
"RONC02800","PT","2012-10",31,10026.3901333681,3818.55405739258,4554.70192151345,19275.5124624968,31,5105.58218328347,1794.44350210816,2467.43917526985,9402.85606437633,31,594.891059821771,NA,NA,NA,31,646.28450514614,NA,NA,NA,NA,NA,NA,NA,NA,"1.2.0","2017-12-12 14:31:59"
"RONC02800","PT","2012-11",30,12209.3370037512,4729.0453457949,5471.27602253071,23691.2712856781,30,7438.20465388676,2658.58509264089,3549.88451754422,13820.02203423,30,7885.07681504368,NA,NA,NA,30,8877.75485998437,NA,NA,NA,NA,NA,NA,NA,NA,"1.2.0","2017-12-12 14:31:59"
"RONC02800","PT","2012-12",31,14303.5273021947,5900.22768138598,6079.84677718503,28757.3803994902,31,10090.6878500849,3704.87489668429,4717.98063624062,19017.971928099,31,12292.1723653263,NA,NA,NA,31,16988.4208089454,NA,NA,NA,NA,NA,NA,NA,NA,"1.2.0","2017-12-12 14:31:59"
"RONC02800","PT","2013-01",31,16547.1795307583,9717.31951358225,4909.58951408447,41469.1504428636,31,12585.6622802994,5970.06492108977,4702.53511535364,27496.64495663,31,24475.4359962906,NA,NA,NA,31,29055.3285286688,NA,NA,NA,NA,NA,NA,NA,NA,"1.2.0","2017-12-12 14:31:59"
"RONC02800","PT","2013-02",28,15869.1586374496,9981.65282244988,4332.15581277762,41651.5529788091,28,11454.0568877501,6195.72314001474,3732.46191372755,27193.2533926242,28,28574.7199396514,NA,NA,NA,28,32172.7487537384,NA,NA,NA,NA,NA,NA,NA,NA,"1.2.0","2017-12-12 14:31:59"
"RONC02800","PT","2013-03",31,13444.889048909,7908.47713713355,3981.40655088374,33731.3790559997,31,9977.77581778636,4938.67007071355,3572.60426105705,22382.8758092269,31,19541.6048984813,NA,NA,NA,31,23160.1689575208,NA,NA,NA,NA,NA,NA,NA,NA,"1.2.0","2017-12-12 14:31:59"
"RONC02800","PT","2013-04",30,10490.443323162,5587.68918396048,3476.64048802738,24658.1505394779,30,8550.86037099789,3568.39195301378,3598.167891103,17306.7024740754,30,1495.29757163467,NA,NA,NA,30,1836.55576411054,NA,NA,NA,NA,NA,NA,NA,NA,"1.2.0","2017-12-12 14:31:59"
"RONC02800","PT","2013-05",31,7771.63190702651,3648.55166099481,2933.35923920296,16871.5932575395,31,6317.06710970674,2409.50181634789,2866.18144492622,12154.5034002875,31,2125.39278882962,NA,NA,NA,31,2730.55038289329,NA,NA,NA,NA,NA,NA,NA,NA,"1.2.0","2017-12-12 14:31:59"
"RONC02800","PT","2013-06",30,7009.97684712211,4396.35871578563,1920.65633905778,18362.4507296804,30,7921.05953010709,3852.8679106063,2886.73894075612,17576.4959830553,30,6622.97865325626,NA,NA,NA,30,7983.28430712379,NA,NA,NA,NA,NA,NA,NA,NA,"1.2.0","2017-12-12 14:31:59"
"RONC02800","PT","2013-07",31,6255.94960470767,3567.58359970063,1920.73960942662,15375.6608541186,31,7590.63126175487,3487.20434442753,2925.52314363996,16262.5183217798,31,5774.54973675115,NA,NA,NA,31,6222.45150083676,NA,NA,NA,NA,NA,NA,NA,NA,"1.2.0","2017-12-12 14:31:59"
"RONC02800","PT","2013-08",31,6173.929090397,3079.24852103231,2193.4418906225,13916.2114272035,31,6849.26634769831,2726.02656273265,3001.24887078746,13493.5195703679,31,5310.07545685193,NA,NA,NA,31,5324.93748064065,NA,NA,NA,NA,NA,NA,NA,NA,"1.2.0","2017-12-12 14:31:59"
"RONC02800","PT","2013-09",30,6771.90531834158,3076.95547267466,2637.46445946858,14412.0188540863,30,7344.35301661679,2698.7666530253,3431.71417475293,13848.0758445692,30,6855.95817623355,NA,NA,NA,30,6210.02950778703,NA,NA,NA,NA,NA,NA,NA,NA,"1.2.0","2017-12-12 14:31:59"
"RONC02800","PT","2013-10",31,8548.10509811403,4951.76788207304,2577.21652077337,21228.6666031636,31,14833.1502096291,8096.01000933672,4785.7418675638,35422.1721781054,31,10911.5436711023,NA,NA,NA,31,14763.1999824176,NA,NA,NA,NA,NA,NA,NA,NA,"1.2.0","2017-12-12 14:31:59"
"RONC02800","PT","2013-11",30,9939.99511109272,5225.89854500194,3341.01705598015,23168.8430888683,30,17012.5848668874,8869.40002586575,5770.00217327433,39440.8393629292,30,12671.775831074,NA,NA,NA,30,14850.5503302615,NA,NA,NA,NA,NA,NA,NA,NA,"1.2.0","2017-12-12 14:31:59"
"RONC02800","PT","2013-12",31,11138.6116762929,5728.98765373527,3832.45261604364,25600.7259722846,31,19743.9364313966,10536.4740276233,6529.85505443801,46465.6651922119,31,11898.0432307357,NA,NA,NA,31,15050.1455944435,NA,NA,NA,NA,NA,NA,NA,NA,"1.2.0","2017-12-12 14:31:59"
"RONC02800","PT","2014-01",31,10529.1726129411,4869.69686170889,4032.13041662325,22650.1040819503,31,15269.9921588796,7473.97671893155,5530.05706017067,34015.6073977906,31,7085.00745841068,NA,NA,NA,31,10148.0166270127,NA,NA,NA,NA,NA,NA,NA,NA,"1.2.0","2017-12-12 14:31:59"
"RONC02800","PT","2014-02",28,7958.18275765527,4430.01023390801,2511.61027294951,19250.7153011108,28,6412.38006900304,3069.43035017719,2374.60579441428,14088.0239909829,28,5392.74826132042,NA,NA,NA,28,6046.48423188365,NA,NA,NA,NA,NA,NA,NA,NA,"1.2.0","2017-12-12 14:31:59"
"RONC02800","PT","2014-03",31,7335.48705664076,3713.0251141264,2566.59770864627,16689.2760181498,31,7845.58620643,3664.38420032334,2976.09936038327,16978.6564074441,31,6631.8756682538,NA,NA,NA,31,7468.80500833643,NA,NA,NA,NA,NA,NA,NA,NA,"1.2.0","2017-12-12 14:31:59"
"RONC02800","PT","2014-04",30,5801.11061852138,3025.53141975668,1966.70347236529,13452.2119877689,30,6029.53240839213,2637.69768434839,2432.54473065672,12544.6440028207,30,6225.74397744062,NA,NA,NA,30,6693.06301403854,NA,NA,NA,NA,NA,NA,NA,NA,"1.2.0","2017-12-12 14:31:59"
"RONC02800","PT","2014-05",31,4462.03380910495,2444.97743239775,1433.35202702253,10682.8162779366,31,3962.43652410999,1659.51061024669,1662.15996970932,8036.46873224892,31,3459.85250270908,NA,NA,NA,31,3352.50847262645,NA,NA,NA,NA,NA,NA,NA,NA,"1.2.0","2017-12-12 14:31:59"
"RONC02800","PT","2014-06",30,3917.8073518214,2046.77512819245,1325.81639110766,9094.89397304068,30,3860.71924816036,1608.78501512628,1626.64415050195,7807.41981167085,30,2680.76483012593,NA,NA,NA,30,2538.33146732009,NA,NA,NA,NA,NA,NA,NA,NA,"1.2.0","2017-12-12 14:31:59"
"RONC02800","PT","2014-07",31,3759.66140391759,1873.3159879983,1337.0432312223,8469.21995597315,31,4523.54225987788,1945.96800383499,1852.91404761243,9318.83134703087,31,3398.52272966027,NA,NA,NA,31,3988.1997084138,NA,NA,NA,NA,NA,NA,NA,NA,"1.2.0","2017-12-12 14:31:59"
"RONC02800","PT","2014-08",31,3833.11194400197,1849.26612758382,1408.42516355069,8462.3904650831,31,4528.42787782714,2098.88816070009,1730.5712888085,9754.20539869784,31,4373.7780759741,NA,NA,NA,31,5001.3641538943,NA,NA,NA,NA,NA,NA,NA,NA,"1.2.0","2017-12-12 14:31:59"
"RONC02800","PT","2014-09",30,4194.37576433335,1993.98811161658,1563.81902041977,9176.08308136137,30,4814.42906132094,2365.51288134127,1736.79011899597,10750.4310445098,30,4613.29176050403,NA,NA,NA,30,4439.43102441968,NA,NA,NA,NA,NA,NA,NA,NA,"1.2.0","2017-12-12 14:31:59"
"RONC02800","PT","2014-10",31,4474.51789552459,2377.25164431051,1487.02327862918,10500.1806448362,31,3651.68457272499,2229.58861051841,1034.07093132151,9393.60789055931,31,3135.47577852197,NA,NA,NA,31,3423.45271800328,NA,NA,NA,NA,NA,NA,NA,NA,"1.2.0","2017-12-12 14:31:59"
"RONC02800","PT","2014-11",30,6201.03491716832,3067.61940519349,2221.56594988699,13905.815594107,30,19126.5977087859,14566.1780867935,4042.1512810197,57280.9587627356,30,7460.16117237196,NA,NA,NA,30,9049.73790193438,NA,NA,NA,NA,NA,NA,NA,NA,"1.2.0","2017-12-12 14:31:59"
"RONC02800","PT","2014-12",31,7987.61887034556,5173.48022683211,2101.5719392091,21387.2684214542,31,50517.1661675422,69509.7634678378,3938.90361236025,223930.329027089,31,15609.7704365097,NA,NA,NA,31,27285.571409147,NA,NA,NA,NA,NA,NA,NA,NA,"1.2.0","2017-12-12 14:31:59"
